[
      {
      "model":"Usuario.permisos",
      "pk":2,
      "fields":{
         "nombre":"Crear Permiso",
         "descripcion":"Permiso para Crear Permisos"
      }
   },
   {
      "model":"Usuario.permisos",
      "pk":3,
      "fields":{
         "nombre":"Editar Permiso",
         "descripcion":"Permiso para Editar Permisos"
      }
   },
   {
      "model":"Usuario.permisos",
      "pk":4,
      "fields":{
         "nombre":"Borrar Permiso",
         "descripcion":"Permiso para Borrar Permisos"
      }
   },
   {
      "model":"Usuario.permisos",
      "pk":5,
      "fields":{
         "nombre":"Ver RolSistema",
         "descripcion":"Permiso para Ver Roles de Sistema"
      }
   },
   {
      "model":"Usuario.permisos",
      "pk":6,
      "fields":{
         "nombre":"Asignar RolSistema",
         "descripcion":"Permiso para Asignar Roles de Sistema"
      }
   },
   {
      "model":"Usuario.permisos",
      "pk":7,
      "fields":{
         "nombre":"Crear RolSistema",
         "descripcion":"Permiso para Crear Roles de Sistema"
      }
   },
   {
      "model":"Usuario.permisos",
      "pk":8,
      "fields":{
         "nombre":"Editar RolSistema",
         "descripcion":"Permiso para Editar Roles de Sistema"
      }
   },
   {
      "model":"Usuario.permisos",
      "pk":9,
      "fields":{
         "nombre":"Borrar RolSistema",
         "descripcion":"Permiso para Borrar Roles de Sistema"
      }
   },
   {
      "model":"Usuario.permisos",
      "pk":10,
      "fields":{
         "nombre":"Asignar RolProyecto",
         "descripcion":"Permiso para Asignar Roles de Proyecto"
      }
   },
   {
      "model":"Usuario.permisos",
      "pk":11,
      "fields":{
         "nombre":"Ver RolProyecto",
         "descripcion":"Permiso para Ver Roles de Proyecto"
      }
   },
   {
      "model":"Usuario.permisos",
      "pk":12,
      "fields":{
         "nombre":"Crear RolProyecto",
         "descripcion":"Permiso para Crear Roles de Proyecto"
      }
   },
   {
      "model":"Usuario.permisos",
      "pk":13,
      "fields":{
         "nombre":"Editar RolProyecto",
         "descripcion":"Permiso para Editar Roles de Proyecto"
      }
   },
   {
      "model":"Usuario.permisos",
      "pk":14,
      "fields":{
         "nombre":"Borrar RolProyecto",
         "descripcion":"Permiso para Borrar Roles de Proyecto"
      }
   },
   {
      "model":"Usuario.permisos",
      "pk":15,
      "fields":{
         "nombre":"Ver Usuario",
         "descripcion":"Permiso para Ver Usuarios"
      }
   },
   {
      "model":"Usuario.permisos",
      "pk":16,
      "fields":{
         "nombre":"Crear Usuario",
         "descripcion":"Permiso para Crear Usuarios"
      }
   },
   {
      "model":"Usuario.permisos",
      "pk":17,
      "fields":{
         "nombre":"Editar Usuario",
         "descripcion":"Permiso para Editar Usuarios"
      }
   },
   {
      "model":"Usuario.permisos",
      "pk":18,
      "fields":{
         "nombre":"Borrar Usuario",
         "descripcion":"Permiso para Borrar Usuarios"
      }
   },
   {
      "model":"Usuario.permisos",
      "pk":19,
      "fields":{
         "nombre":"Ver Equipo",
         "descripcion":"Permiso para Ver Equipo"
      }
   },
   {
      "model":"Usuario.permisos",
      "pk":20,
      "fields":{
         "nombre":"Crear Equipo",
         "descripcion":"Permiso para Crear Equipo"
      }
   },
   {
      "model":"Usuario.permisos",
      "pk":21,
      "fields":{
         "nombre":"Editar Equipo",
         "descripcion":"Permiso para Editar Equipo"
      }
   },
   {
      "model":"Usuario.permisos",
      "pk":22,
      "fields":{
         "nombre":"Borrar Equipo",
         "descripcion":"Permiso para Borrar Equipo"
      }
   },
   {
      "model":"Usuario.permisos",
      "pk":23,
      "fields":{
         "nombre":"Ver Proyecto",
         "descripcion":"Permiso para Ver Proyecto"
      }
   },
   {
      "model":"Usuario.permisos",
      "pk":24,
      "fields":{
         "nombre":"Crear Proyecto",
         "descripcion":"Permiso para Crear Proyecto"
      }
   },
   {
      "model":"Usuario.permisos",
      "pk":25,
      "fields":{
         "nombre":"Editar Proyecto",
         "descripcion":"Permiso para Editar Proyecto"
      }
   },
   {
      "model":"Usuario.permisos",
      "pk":26,
      "fields":{
         "nombre":"Borrar Proyecto",
         "descripcion":"Permiso para Borrar Proyecto"
      }
   },
   {
      "model":"Usuario.permisos",
      "pk":27,
      "fields":{
         "nombre":"Iniciar Proyecto",
         "descripcion":"Permiso para Iniciar Proyecto"
      }
   },
   {
      "model":"Usuario.permisos",
      "pk":28,
      "fields":{
         "nombre":"Cancelar Proyecto",
         "descripcion":"Permiso para Cancelar Proyecto"
      }
   },
   {
      "model":"Usuario.permisos",
      "pk":29,
      "fields":{
         "nombre":"Ver Sprint",
         "descripcion":"Permiso para Ver Sprint"
      }
   },
   {
      "model":"Usuario.permisos",
      "pk":30,
      "fields":{
         "nombre":"Crear Sprint",
         "descripcion":"Permiso para Crear Sprint"
      }
   },
   {
      "model":"Usuario.permisos",
      "pk":31,
      "fields":{
         "nombre":"Editar Sprint",
         "descripcion":"Permiso para Editar Sprint"
      }
   },
   {
      "model":"Usuario.permisos",
      "pk":32,
      "fields":{
         "nombre":"Borrar Sprint",
         "descripcion":"Permiso para Borrar Sprint"
      }
   },
   {
      "model":"Usuario.permisos",
      "pk":33,
      "fields":{
         "nombre":"Iniciar Sprint",
         "descripcion":"Permiso para Iniciar Sprint"
      }
   },
   {
      "model":"Usuario.permisos",
      "pk":34,
      "fields":{
         "nombre":"Cancelar Sprint",
         "descripcion":"Permiso para Cancelar Sprint"
      }
   },
   {
      "model":"Usuario.permisos",
      "pk":35,
      "fields":{
         "nombre":"Ver TipoUserStory",
         "descripcion":"Permiso para Ver Tipos de User Story"
      }
   },
   {
      "model":"Usuario.permisos",
      "pk":36,
      "fields":{
         "nombre":"Crear TipoUserStory",
         "descripcion":"Permiso para Crear Tipos de User Story"
      }
   },
   {
      "model":"Usuario.permisos",
      "pk":37,
      "fields":{
         "nombre":"Editar TipoUserStory",
         "descripcion":"Permiso para Editar Tipos de User Story"
      }
   },
   {
      "model":"Usuario.permisos",
      "pk":38,
      "fields":{
         "nombre":"Borrar TipoUserStory",
         "descripcion":"Permiso para Borrar Tipos de User Story"
      }
   },
   {
      "model":"Usuario.permisos",
      "pk":39,
      "fields":{
         "nombre":"Ver EstadoUS",
         "descripcion":"Permiso para Ver Estados de User Story"
      }
   },
   {
      "model":"Usuario.permisos",
      "pk":40,
      "fields":{
         "nombre":"Crear EstadoUS",
         "descripcion":"Permiso para Crear Estados de User Story"
      }
   },
   {
      "model":"Usuario.permisos",
      "pk":41,
      "fields":{
         "nombre":"Editar EstadoUS",
         "descripcion":"Permiso para Editar Estados de User Story"
      }
   },
   {
      "model":"Usuario.permisos",
      "pk":42,
      "fields":{
         "nombre":"Borrar EstadoUS",
         "descripcion":"Permiso para Borrar Estados de User Story"
      }
   },
   {
      "model":"Usuario.permisos",
      "pk":43,
      "fields":{
         "nombre":"Cambiar EstadoUS",
         "descripcion":"Permiso para Cambiar Estados de User Story"
      }
   },
   {
      "model":"Usuario.permisos",
      "pk":44,
      "fields":{
         "nombre":"Ver UserStory",
         "descripcion":"Permiso para Ver User Story"
      }
   },
   {
      "model":"Usuario.permisos",
      "pk":45,
      "fields":{
         "nombre":"Crear UserStory",
         "descripcion":"Permiso para Crear User Story"
      }
   },
   {
      "model":"Usuario.permisos",
      "pk":46,
      "fields":{
         "nombre":"Editar UserStory",
         "descripcion":"Permiso para Editar User Story"
      }
   },
   {
      "model":"Usuario.permisos",
      "pk":47,
      "fields":{
         "nombre":"Borrar UserStory",
         "descripcion":"Permiso para Borrar User Story"
      }
   },
   {
      "model":"Usuario.permisos",
      "pk":48,
      "fields":{
         "nombre":"Ver ProductBacklog",
         "descripcion":"Permiso para Ver Product Backlog"
      }
   },
   {
      "model":"Usuario.permisos",
      "pk":49,
      "fields":{
         "nombre":"Crear ProductBacklog",
         "descripcion":"Permiso para Crear Product Backlog"
      }
   },
   {
      "model":"Usuario.permisos",
      "pk":50,
      "fields":{
         "nombre":"Editar ProductBacklog",
         "descripcion":"Permiso para Editar Product Backlog"
      }
   },
   {
      "model":"Usuario.permisos",
      "pk":51,
      "fields":{
         "nombre":"Borrar ProductBacklog",
         "descripcion":"Permiso para Borrar Product Backlog"
      }
   },
   {
      "model":"Usuario.permisos",
      "pk":52,
      "fields":{
         "nombre":"Ver Kanban",
         "descripcion":"Permiso para Ver Kanban"
      }
   },
   {
      "model":"Usuario.permisos",
      "pk":53,
      "fields":{
         "nombre":"Crear Kanban",
         "descripcion":"Permiso para Crear Kanban"
      }
   },
   {
      "model":"Usuario.permisos",
      "pk":54,
      "fields":{
         "nombre":"Editar Kanban",
         "descripcion":"Permiso para Editar Kanban"
      }
   },
   {
      "model":"Usuario.permisos",
      "pk":55,
      "fields":{
         "nombre":"Borrar Kanban",
         "descripcion":"Permiso para Borrar Kanban"
      }
   },
   {
      "model":"Usuario.permisos",
      "pk":56,
      "fields":{
         "nombre":"Cargar trabajo UserStory",
         "descripcion":"Permiso para Cargar trabajo en el User Story"
      }
   },
   {
      "model":"Usuario.permisos",
      "pk":57,
      "fields":{
         "nombre":"Solicitar Aprobacion",
         "descripcion":"Permiso para Solicitar Aprobacion de User Story"
      }
   },
   {
      "model":"Usuario.permisos",
      "pk":58,
      "fields":{
         "nombre":"Ver Solicitud",
         "descripcion":"Permiso para Ver Solicitud"
      }
   },
   {
      "model":"Usuario.permisos",
      "pk":59,
      "fields":{
         "nombre":"Aceptar Solicitud",
         "descripcion":"Permiso para Aceptar Solicitud"
      }
   },
   {
      "model":"Usuario.permisos",
      "pk":60,
      "fields":{
         "nombre":"Rechazar Solicitud",
         "descripcion":"Permiso para Rechazar Solicitud"
      }
   },
   {
      "model":"Usuario.permisos",
      "pk":61,
      "fields":{
         "nombre":"Permiso de administrador",
         "descripcion":"Permiso para administrador de sistema."
      }
   },
   {
      "model":"Usuario.rolsistema",
      "pk":1,
      "fields":{
         "nombre":"admin",
         "descripcion":"Administrador del sistema.",
         "permisos":[
            1,
            2,
            3,
            4,
            5,
            6,
            7,
            8,
            9,
            10,
            11,
            12,
            13,
            14,
            15,
            16,
            17,
            18,
            19,
            20,
            21,
            22,
            23,
            24,
            25,
            26,
            27,
            28,
            29,
            30,
            31,
            32,
            33,
            34,
            35,
            36,
            37,
            38,
            39,
            40,
            41,
            42,
            43,
            44,
            45,
            46,
            47,
            48,
            49,
            50,
            51,
            52,
            53,
            54,
            55,
            56,
            57,
            58,
            59,
            60,
            61
         ]
      }
   },
   {
      "model":"Usuario.rolsistema",
      "pk":2,
      "fields":{
         "nombre":"Usuario simple",
         "descripcion":"Rol para usuarios simples",
         "permisos":[

         ]
      }
   },
   {
      "model":"Usuario.rolsistema",
      "pk":3,
      "fields":{
         "nombre":"Usuario simple",
         "descripcion":"Rol para usuarios simples",
         "permisos":[

         ]
      }
   },
   {
      "model":"Usuario.rolproyecto",
      "pk":1,
      "fields":{
         "nombre":"Scrum Master",
         "descripcion":"Scrum Master del Proyecto.",
         "proyecto":1,
         "permisos":[
            11,
            12,
            13,
            14,
            19,
            20,
            21,
            23,
            25,
            27,
            28,
            29,
            30,
            31,
            33,
            34,
            35,
            36,
            37,
            38,
            39,
            40,
            41,
            42,
            44,
            45,
            46,
            47,
            48,
            49,
            50,
            51,
            52,
            58,
            59,
            60
         ]
      }
   },
   {
      "model":"Usuario.rolproyecto",
      "pk":2,
      "fields":{
         "nombre":"Developer",
         "descripcion":"Developer del Proyecto.",
         "proyecto":1,
         "permisos":[
            1,
            35,
            39,
            11,
            43,
            44,
            15,
            48,
            19,
            52,
            54,
            23,
            56,
            57,
            58,
            29
         ]
      }
   },
   {
      "model":"Usuario.usuario",
      "pk":1,
      "fields":{
         "last_login":"2022-11-03T01:20:28.191Z",
         "is_superuser":false,
         "nombre":"desconocido",
         "email":"marcemolas@fpuna.edu.py",
         "groups":[

         ],
         "user_permissions":[

         ],
         "rolSistema":[
            1
         ],
         "rolProyecto":[
            2
         ]
      }
   },
   {
      "model":"Usuario.usuario",
      "pk":2,
      "fields":{
         "last_login":"2022-11-03T01:21:06.562Z",
         "is_superuser":false,
         "nombre":"desconocido",
         "email":"carinme97@fpuna.edu.py",
         "groups":[

         ],
         "user_permissions":[

         ],
         "rolSistema":[
            2
         ],
         "rolProyecto":[
            1
         ]
      }
   },
   {
      "model":"Usuario.usuario",
      "pk":3,
      "fields":{
         "last_login":"2022-11-03T01:20:15.916Z",
         "is_superuser":false,
         "nombre":"desconocido",
         "email":"nan.rod98@fpuna.edu.py",
         "groups":[

         ],
         "user_permissions":[

         ],
         "rolSistema":[
            3
         ],
         "rolProyecto":[
            2
         ]
      }
   },
   {
      "model":"proyecto.equipo",
      "pk":1,
      "fields":{
         "nombre":"Dinamita",
         "miembros":[
            2,
            3,
            1
         ]
      }
   },
   {
      "model":"proyecto.proyecto",
      "pk":1,
      "fields":{
         "nombre":"Proyecto 1",
         "descripcion":"asdf",
         "equipo":1,
         "fecha_inicio":"2022-11-03",
         "fecha_fin_estimada":"2023-12-12",
         "fecha_fin_real":null,
         "estado":"EN_PROCESO",
         "scrum_master":2
      }
   },
   {
      "model":"proyecto.sprint",
      "pk":1,
      "fields":{
         "numero":1,
         "descripcion":"Sprint 1",
         "proyecto":1,
         "fecha_inicio":"2022-11-03",
         "fecha_fin":null,
         "estado":"EN_PROCESO",
         "duracion":5
      }
   },
   {
      "model":"proyecto.miembrossprint",
      "pk":1,
      "fields":{
         "sprint":1,
         "miembro":3,
         "carga_horaria":3,
         "capacidad":15
      }
   },
   {
      "model":"proyecto.miembrossprint",
      "pk":2,
      "fields":{
         "sprint":1,
         "miembro":1,
         "carga_horaria":2,
         "capacidad":10
      }
   },
   {
      "model":"proyecto.tipouserstory",
      "pk":1,
      "fields":{
         "nombre":"Tipo1",
         "prefijo":"T1",
         "proyecto":1
      }
   },
   {
      "model":"proyecto.tipouserstory",
      "pk":2,
      "fields":{
         "nombre":"Tipo2",
         "prefijo":"T2",
         "proyecto":1
      }
   },
   {
      "model":"proyecto.ordenestado",
      "pk":1,
      "fields":{
         "orden":1
      }
   },
   {
      "model":"proyecto.ordenestado",
      "pk":2,
      "fields":{
         "orden":2
      }
   },
   {
      "model":"proyecto.ordenestado",
      "pk":3,
      "fields":{
         "orden":3
      }
   },
   {
      "model":"proyecto.ordenestado",
      "pk":4,
      "fields":{
         "orden":4
      }
   },
   {
      "model":"proyecto.ordenestado",
      "pk":5,
      "fields":{
         "orden":1
      }
   },
   {
      "model":"proyecto.ordenestado",
      "pk":6,
      "fields":{
         "orden":2
      }
   },
   {
      "model":"proyecto.ordenestado",
      "pk":7,
      "fields":{
         "orden":3
      }
   },
   {
      "model":"proyecto.estadous",
      "pk":1,
      "fields":{
         "nombre":"TO DO",
         "orden":1,
         "tipoUserStory":1
      }
   },
   {
      "model":"proyecto.estadous",
      "pk":2,
      "fields":{
         "nombre":"DOING",
         "orden":2,
         "tipoUserStory":1
      }
   },
   {
      "model":"proyecto.estadous",
      "pk":3,
      "fields":{
         "nombre":"DONE",
         "orden":3,
         "tipoUserStory":1
      }
   },
   {
      "model":"proyecto.estadous",
      "pk":4,
      "fields":{
         "nombre":"POR HACER",
         "orden":4,
         "tipoUserStory":1
      }
   },
   {
      "model":"proyecto.estadous",
      "pk":5,
      "fields":{
         "nombre":"TO DO",
         "orden":5,
         "tipoUserStory":2
      }
   },
   {
      "model":"proyecto.estadous",
      "pk":6,
      "fields":{
         "nombre":"DOING",
         "orden":6,
         "tipoUserStory":2
      }
   },
   {
      "model":"proyecto.estadous",
      "pk":7,
      "fields":{
         "nombre":"DONE",
         "orden":7,
         "tipoUserStory":2
      }
   },
   {
      "model":"proyecto.userstory",
      "pk":1,
      "fields":{
         "numero":1,
         "aprobado_por_scrum_master":false,
         "proyecto":1,
         "sprint":null,
         "nombre":"Crear kanban",
         "descripcion":"Crear Kanban",
         "tipo":1,
         "estado":1,
         "prioridad":1,
         "prioridad_de_negocio":1,
         "prioridad_tecnica":1,
         "esfuerzo_anterior":0,
         "duracion":5,
         "desarrollador":null
      }
   },
   {
      "model":"proyecto.userstory",
      "pk":2,
      "fields":{
         "numero":2,
         "aprobado_por_scrum_master":false,
         "proyecto":1,
         "sprint":null,
         "nombre":"Crear Proyecto",
         "descripcion":"Crear proyecto",
         "tipo":2,
         "estado":5,
         "prioridad":4,
         "prioridad_de_negocio":5,
         "prioridad_tecnica":2,
         "esfuerzo_anterior":0,
         "duracion":3,
         "desarrollador":null
      }
   },
   {
      "model":"proyecto.userstory",
      "pk":3,
      "fields":{
         "numero":2,
         "aprobado_por_scrum_master":true,
         "proyecto":1,
         "sprint":1,
         "nombre":"Crear Sprint",
         "descripcion":"a",
         "tipo":1,
         "estado":3,
         "prioridad":10,
         "prioridad_de_negocio":9,
         "prioridad_tecnica":9,
         "esfuerzo_anterior":0,
         "duracion":10,
         "desarrollador":3
      }
   },
   {
      "model":"proyecto.userstory",
      "pk":4,
      "fields":{
         "numero":2,
         "aprobado_por_scrum_master":false,
         "proyecto":1,
         "sprint":1,
         "nombre":"Crear US",
         "descripcion":"asdf",
         "tipo":2,
         "estado":5,
         "prioridad":6,
         "prioridad_de_negocio":5,
         "prioridad_tecnica":6,
         "esfuerzo_anterior":0,
         "duracion":15,
         "desarrollador":3
      }
   },
   {
      "model":"proyecto.historialus",
      "pk":1,
      "fields":{
         "user_story":1,
         "log":"User Story creado.",
         "horas_trabajadas":0,
         "fecha":"2022-11-03",
         "usuario":2,
         "archivos":"0"
      }
   },
   {
      "model":"proyecto.historialus",
      "pk":2,
      "fields":{
         "user_story":2,
         "log":"User Story creado.",
         "horas_trabajadas":0,
         "fecha":"2022-11-03",
         "usuario":2,
         "archivos":"0"
      }
   },
   {
      "model":"proyecto.historialus",
      "pk":3,
      "fields":{
         "user_story":3,
         "log":"User Story creado.",
         "horas_trabajadas":0,
         "fecha":"2022-11-03",
         "usuario":2,
         "archivos":"0"
      }
   },
   {
      "model":"proyecto.historialus",
      "pk":4,
      "fields":{
         "user_story":4,
         "log":"User Story creado.",
         "horas_trabajadas":0,
         "fecha":"2022-11-03",
         "usuario":2,
         "archivos":"0"
      }
   },
   {
      "model":"proyecto.historialus",
      "pk":5,
      "fields":{
         "user_story":3,
         "log":"User Story asignado al Sprint 1",
         "horas_trabajadas":0,
         "fecha":"2022-11-03",
         "usuario":2,
         "archivos":"0"
      }
   },
   {
      "model":"proyecto.historialus",
      "pk":6,
      "fields":{
         "user_story":4,
         "log":"User Story asignado al Sprint 1",
         "horas_trabajadas":0,
         "fecha":"2022-11-03",
         "usuario":2,
         "archivos":"0"
      }
   },
   {
      "model":"proyecto.historialus",
      "pk":7,
      "fields":{
         "user_story":3,
         "log":"User Story removido del Sprint 1",
         "horas_trabajadas":0,
         "fecha":"2022-11-03",
         "usuario":2,
         "archivos":"0"
      }
   },
   {
      "model":"proyecto.historialus",
      "pk":8,
      "fields":{
         "user_story":3,
         "log":"User Story asignado al Sprint 1",
         "horas_trabajadas":0,
         "fecha":"2022-11-03",
         "usuario":2,
         "archivos":"0"
      }
   },
   {
      "model":"proyecto.historialus",
      "pk":9,
      "fields":{
         "user_story":3,
         "log":"Sprint 1 iniciado.",
         "horas_trabajadas":0,
         "fecha":"2022-11-03",
         "usuario":2,
         "archivos":"0"
      }
   },
   {
      "model":"proyecto.historialus",
      "pk":10,
      "fields":{
         "user_story":4,
         "log":"Sprint 1 iniciado.",
         "horas_trabajadas":0,
         "fecha":"2022-11-03",
         "usuario":2,
         "archivos":"0"
      }
   },
   {
      "model":"proyecto.historialus",
      "pk":11,
      "fields":{
         "user_story":3,
         "log":"nan.rod98@fpuna.edu.py se encargara de desarrollar este US.",
         "horas_trabajadas":0,
         "fecha":"2022-11-03",
         "usuario":2,
         "archivos":"0"
      }
   },
   {
      "model":"proyecto.historialus",
      "pk":12,
      "fields":{
         "user_story":4,
         "log":"marcemolas@fpuna.edu.py se encargara de desarrollar este US.",
         "horas_trabajadas":0,
         "fecha":"2022-11-03",
         "usuario":2,
         "archivos":"0"
      }
   },
   {
      "model":"proyecto.historialus",
      "pk":13,
      "fields":{
         "user_story":3,
         "log":"Hice dos cosas",
         "horas_trabajadas":1,
         "fecha":"2022-11-03",
         "usuario":3,
         "archivos":"historial/Captura_desde_2022-10-16_17-16-47_ZDuQEGU_2_oaceTi0.png"
      }
   },
   {
      "model":"proyecto.historialus",
      "pk":14,
      "fields":{
         "user_story":3,
         "log":"Se solicitó la aprobación del US para terminarlo",
         "horas_trabajadas":0,
         "fecha":"2022-11-03",
         "usuario":3,
         "archivos":"0"
      }
   },
   {
      "model":"proyecto.historialus",
      "pk":16,
      "fields":{
         "user_story":4,
         "log":"nan.rod98@fpuna.edu.py se encargara de desarrollar este US.",
         "horas_trabajadas":0,
         "fecha":"2022-11-03",
         "usuario":2,
         "archivos":"0"
      }
   },
   {
      "model":"proyecto.historialus",
      "pk":17,
      "fields":{
         "user_story":4,
         "log":"Realice el backend",
         "horas_trabajadas":2,
         "fecha":"2022-11-04",
         "usuario":3,
         "archivos":"historial/Captura_desde_2022-10-16_17-16-47_ZDuQEGU_YiemJVe.png"
      }
   },
   {
      "model":"proyecto.historialus",
      "pk":18,
      "fields":{
         "user_story":4,
         "log":"Se solicitó la aprobación del US para terminarlo",
         "horas_trabajadas":0,
         "fecha":"2022-11-04",
         "usuario":3,
         "archivos":"0"
      }
   },
   {
      "model":"proyecto.historialus",
      "pk":19,
      "fields":{
         "user_story":4,
         "log":"Solicitud de aprobación rechazado por scrum master",
         "horas_trabajadas":0,
         "fecha":"2022-11-04",
         "usuario":2,
         "archivos":"0"
      }
   },
   {
      "model":"proyecto.aprobaciondeus",
      "pk":1,
      "fields":{
         "numero":1,
         "user_story":3,
         "descripcion_del_trabajo":"hie dos cosita tb",
         "fecha":"2022-11-03",
         "solicitado_por":3,
         "archivos":"historial/Captura_desde_2022-10-16_17-16-47_ZDuQEGU_1_hRKsYDh.png",
         "aprobado_por":null,
         "estado":"ACEPTADO",
         "razon_de_rechazo":null
      }
   },
   {
      "model":"proyecto.aprobaciondeus",
      "pk":2,
      "fields":{
         "numero":1,
         "user_story":4,
         "descripcion_del_trabajo":"tengo hasta el backend",
         "fecha":"2022-11-04",
         "solicitado_por":3,
         "archivos":"historial/Captura_desde_2022-10-16_17-16-47.png",
         "aprobado_por":null,
         "estado":"RECHAZADO",
         "razon_de_rechazo":"No esta completo"
      }
   },
   {
      "model":"sites.site",
      "pk":1,
      "fields":{
         "domain":"127.0.0.1:8000",
         "name":"127.0.0.1:8000"
      }
   },
   {
      "model":"account.emailaddress",
      "pk":1,
      "fields":{
         "user":1,
         "email":"marcemolas@fpuna.edu.py",
         "verified":true,
         "primary":true
      }
   },
   {
      "model":"account.emailaddress",
      "pk":2,
      "fields":{
         "user":2,
         "email":"carinme97@fpuna.edu.py",
         "verified":true,
         "primary":true
      }
   },
   {
      "model":"account.emailaddress",
      "pk":3,
      "fields":{
         "user":3,
         "email":"nan.rod98@fpuna.edu.py",
         "verified":true,
         "primary":true
      }
   }
]