[

   {
      "model":"sessions.session",
      "pk":"26caffgx9hrrrhidjtwsa3n8cplulgbs",
      "fields":{
         "session_data":".eJxVjMsOwiAURP-FtSH08mrd6Y-QywUCsaGJwMr477amC13OmZnzYg5Hz260-HQlsCub2OWXeaRHrEeB63pgjkTbqJ1_N2fd-G1PsfZC2MtW7-frT5Wx5d2zBAHKBmVliKDEZCwBorIJBBgDiSgZqYK2ktB7HaXWIc7g_bwoI1Gw9wenmDwL:1p60bB:QAX4c9fJvOLrNohUPZq3XinloYyCgLIGct2p81gbplA",
         "expire_date":"2022-12-30T02:37:21.324Z"
      }
   },
   {
      "model":"sessions.session",
      "pk":"wzaweczp5iulzu0yc42y31cjt81gbi54",
      "fields":{
         "session_data":".eJxVjMsOwiAURP-FtSF4ebXu7I-QywUCsaGJwMr477amC13OmZnzYg5Hz260-HQlsBsDdvllHukR61Hguh6YI9E2auffzVk3ft9TrL0Q9rLV5Xz9qTK2vHvmIEDZoKwMEZS4GkuAqGwCAcZAIkpGqqCtJPReR6l1iBN4P83KSBTs_QGoOzwM:1p60dN:hIZhWWriDnwm2CKuKzTJMmUoImVhoXulwOSJSMJetkY",
         "expire_date":"2022-12-30T02:39:37.638Z"
      }
   },
   {
      "model":"sessions.session",
      "pk":"x3jdadb9hdyszb0iy72jnih8qlp8lvo5",
      "fields":{
         "session_data":".eJxVjMsOwiAURP-FtSF4ebXu7I-QywUCsaGJwMr477amC13OmZnzYg5Hz260-HQlsBuT7PLLPNIj1qPAdT0wR6Jt1M6_m7Nu_L6nWHsh7GWry_n6U2VseffMQYCyQVkZIihxNZYAUdkEAoyBRJSMVEFbSei9jlLrECfwfpqVkSjY-wOo3jwN:1p60eR:J3lZjemLIl7znqPOI-gvOKYQUz7ucuiIEAIdCvv16go",
         "expire_date":"2022-12-30T02:40:43.100Z"
      }
   },
   {
      "model":"Usuario.permisos",
      "pk":1,
      "fields":{
         "nombre":"Ver Permiso",
         "descripcion":"Permiso para Ver Permisos"
      }
   },
   {
      "model":"Usuario.permisos",
      "pk":2,
      "fields":{
         "nombre":"Crear Permiso",
         "descripcion":"Permiso para Crear Permisos"
      }
   },
   {
      "model":"Usuario.permisos",
      "pk":3,
      "fields":{
         "nombre":"Editar Permiso",
         "descripcion":"Permiso para Editar Permisos"
      }
   },
   {
      "model":"Usuario.permisos",
      "pk":4,
      "fields":{
         "nombre":"Borrar Permiso",
         "descripcion":"Permiso para Borrar Permisos"
      }
   },
   {
      "model":"Usuario.permisos",
      "pk":5,
      "fields":{
         "nombre":"Ver RolSistema",
         "descripcion":"Permiso para Ver Roles de Sistema"
      }
   },
   {
      "model":"Usuario.permisos",
      "pk":6,
      "fields":{
         "nombre":"Asignar RolSistema",
         "descripcion":"Permiso para Asignar Roles de Sistema"
      }
   },
   {
      "model":"Usuario.permisos",
      "pk":7,
      "fields":{
         "nombre":"Crear RolSistema",
         "descripcion":"Permiso para Crear Roles de Sistema"
      }
   },
   {
      "model":"Usuario.permisos",
      "pk":8,
      "fields":{
         "nombre":"Editar RolSistema",
         "descripcion":"Permiso para Editar Roles de Sistema"
      }
   },
   {
      "model":"Usuario.permisos",
      "pk":9,
      "fields":{
         "nombre":"Borrar RolSistema",
         "descripcion":"Permiso para Borrar Roles de Sistema"
      }
   },
   {
      "model":"Usuario.permisos",
      "pk":10,
      "fields":{
         "nombre":"Asignar RolProyecto",
         "descripcion":"Permiso para Asignar Roles de Proyecto"
      }
   },
   {
      "model":"Usuario.permisos",
      "pk":11,
      "fields":{
         "nombre":"Ver RolProyecto",
         "descripcion":"Permiso para Ver Roles de Proyecto"
      }
   },
   {
      "model":"Usuario.permisos",
      "pk":12,
      "fields":{
         "nombre":"Crear RolProyecto",
         "descripcion":"Permiso para Crear Roles de Proyecto"
      }
   },
   {
      "model":"Usuario.permisos",
      "pk":13,
      "fields":{
         "nombre":"Editar RolProyecto",
         "descripcion":"Permiso para Editar Roles de Proyecto"
      }
   },
   {
      "model":"Usuario.permisos",
      "pk":14,
      "fields":{
         "nombre":"Borrar RolProyecto",
         "descripcion":"Permiso para Borrar Roles de Proyecto"
      }
   },
   {
      "model":"Usuario.permisos",
      "pk":15,
      "fields":{
         "nombre":"Ver Usuario",
         "descripcion":"Permiso para Ver Usuarios"
      }
   },
   {
      "model":"Usuario.permisos",
      "pk":16,
      "fields":{
         "nombre":"Crear Usuario",
         "descripcion":"Permiso para Crear Usuarios"
      }
   },
   {
      "model":"Usuario.permisos",
      "pk":17,
      "fields":{
         "nombre":"Editar Usuario",
         "descripcion":"Permiso para Editar Usuarios"
      }
   },
   {
      "model":"Usuario.permisos",
      "pk":18,
      "fields":{
         "nombre":"Borrar Usuario",
         "descripcion":"Permiso para Borrar Usuarios"
      }
   },
   {
      "model":"Usuario.permisos",
      "pk":19,
      "fields":{
         "nombre":"Ver Equipo",
         "descripcion":"Permiso para Ver Equipo"
      }
   },
   {
      "model":"Usuario.permisos",
      "pk":20,
      "fields":{
         "nombre":"Crear Equipo",
         "descripcion":"Permiso para Crear Equipo"
      }
   },
   {
      "model":"Usuario.permisos",
      "pk":21,
      "fields":{
         "nombre":"Editar Equipo",
         "descripcion":"Permiso para Editar Equipo"
      }
   },
   {
      "model":"Usuario.permisos",
      "pk":22,
      "fields":{
         "nombre":"Borrar Equipo",
         "descripcion":"Permiso para Borrar Equipo"
      }
   },
   {
      "model":"Usuario.permisos",
      "pk":23,
      "fields":{
         "nombre":"Ver Proyecto",
         "descripcion":"Permiso para Ver Proyecto"
      }
   },
   {
      "model":"Usuario.permisos",
      "pk":24,
      "fields":{
         "nombre":"Crear Proyecto",
         "descripcion":"Permiso para Crear Proyecto"
      }
   },
   {
      "model":"Usuario.permisos",
      "pk":25,
      "fields":{
         "nombre":"Editar Proyecto",
         "descripcion":"Permiso para Editar Proyecto"
      }
   },
   {
      "model":"Usuario.permisos",
      "pk":26,
      "fields":{
         "nombre":"Borrar Proyecto",
         "descripcion":"Permiso para Borrar Proyecto"
      }
   },
   {
      "model":"Usuario.permisos",
      "pk":27,
      "fields":{
         "nombre":"Iniciar Proyecto",
         "descripcion":"Permiso para Iniciar Proyecto"
      }
   },
   {
      "model":"Usuario.permisos",
      "pk":28,
      "fields":{
         "nombre":"Cancelar Proyecto",
         "descripcion":"Permiso para Cancelar Proyecto"
      }
   },
   {
      "model":"Usuario.permisos",
      "pk":29,
      "fields":{
         "nombre":"Ver Sprint",
         "descripcion":"Permiso para Ver Sprint"
      }
   },
   {
      "model":"Usuario.permisos",
      "pk":30,
      "fields":{
         "nombre":"Crear Sprint",
         "descripcion":"Permiso para Crear Sprint"
      }
   },
   {
      "model":"Usuario.permisos",
      "pk":31,
      "fields":{
         "nombre":"Editar Sprint",
         "descripcion":"Permiso para Editar Sprint"
      }
   },
   {
      "model":"Usuario.permisos",
      "pk":32,
      "fields":{
         "nombre":"Borrar Sprint",
         "descripcion":"Permiso para Borrar Sprint"
      }
   },
   {
      "model":"Usuario.permisos",
      "pk":33,
      "fields":{
         "nombre":"Iniciar Sprint",
         "descripcion":"Permiso para Iniciar Sprint"
      }
   },
   {
      "model":"Usuario.permisos",
      "pk":34,
      "fields":{
         "nombre":"Cancelar Sprint",
         "descripcion":"Permiso para Cancelar Sprint"
      }
   },
   {
      "model":"Usuario.permisos",
      "pk":35,
      "fields":{
         "nombre":"Ver TipoUserStory",
         "descripcion":"Permiso para Ver Tipos de User Story"
      }
   },
   {
      "model":"Usuario.permisos",
      "pk":36,
      "fields":{
         "nombre":"Crear TipoUserStory",
         "descripcion":"Permiso para Crear Tipos de User Story"
      }
   },
   {
      "model":"Usuario.permisos",
      "pk":37,
      "fields":{
         "nombre":"Editar TipoUserStory",
         "descripcion":"Permiso para Editar Tipos de User Story"
      }
   },
   {
      "model":"Usuario.permisos",
      "pk":38,
      "fields":{
         "nombre":"Borrar TipoUserStory",
         "descripcion":"Permiso para Borrar Tipos de User Story"
      }
   },
   {
      "model":"Usuario.permisos",
      "pk":39,
      "fields":{
         "nombre":"Ver EstadoUS",
         "descripcion":"Permiso para Ver Estados de User Story"
      }
   },
   {
      "model":"Usuario.permisos",
      "pk":40,
      "fields":{
         "nombre":"Crear EstadoUS",
         "descripcion":"Permiso para Crear Estados de User Story"
      }
   },
   {
      "model":"Usuario.permisos",
      "pk":41,
      "fields":{
         "nombre":"Editar EstadoUS",
         "descripcion":"Permiso para Editar Estados de User Story"
      }
   },
   {
      "model":"Usuario.permisos",
      "pk":42,
      "fields":{
         "nombre":"Borrar EstadoUS",
         "descripcion":"Permiso para Borrar Estados de User Story"
      }
   },
   {
      "model":"Usuario.permisos",
      "pk":43,
      "fields":{
         "nombre":"Cambiar EstadoUS",
         "descripcion":"Permiso para Cambiar Estados de User Story"
      }
   },
   {
      "model":"Usuario.permisos",
      "pk":44,
      "fields":{
         "nombre":"Ver UserStory",
         "descripcion":"Permiso para Ver User Story"
      }
   },
   {
      "model":"Usuario.permisos",
      "pk":45,
      "fields":{
         "nombre":"Crear UserStory",
         "descripcion":"Permiso para Crear User Story"
      }
   },
   {
      "model":"Usuario.permisos",
      "pk":46,
      "fields":{
         "nombre":"Editar UserStory",
         "descripcion":"Permiso para Editar User Story"
      }
   },
   {
      "model":"Usuario.permisos",
      "pk":47,
      "fields":{
         "nombre":"Borrar UserStory",
         "descripcion":"Permiso para Borrar User Story"
      }
   },
   {
      "model":"Usuario.permisos",
      "pk":48,
      "fields":{
         "nombre":"Ver ProductBacklog",
         "descripcion":"Permiso para Ver Product Backlog"
      }
   },
   {
      "model":"Usuario.permisos",
      "pk":49,
      "fields":{
         "nombre":"Crear ProductBacklog",
         "descripcion":"Permiso para Crear Product Backlog"
      }
   },
   {
      "model":"Usuario.permisos",
      "pk":50,
      "fields":{
         "nombre":"Editar ProductBacklog",
         "descripcion":"Permiso para Editar Product Backlog"
      }
   },
   {
      "model":"Usuario.permisos",
      "pk":51,
      "fields":{
         "nombre":"Borrar ProductBacklog",
         "descripcion":"Permiso para Borrar Product Backlog"
      }
   },
   {
      "model":"Usuario.permisos",
      "pk":52,
      "fields":{
         "nombre":"Ver Kanban",
         "descripcion":"Permiso para Ver Kanban"
      }
   },
   {
      "model":"Usuario.permisos",
      "pk":53,
      "fields":{
         "nombre":"Crear Kanban",
         "descripcion":"Permiso para Crear Kanban"
      }
   },
   {
      "model":"Usuario.permisos",
      "pk":54,
      "fields":{
         "nombre":"Editar Kanban",
         "descripcion":"Permiso para Editar Kanban"
      }
   },
   {
      "model":"Usuario.permisos",
      "pk":55,
      "fields":{
         "nombre":"Borrar Kanban",
         "descripcion":"Permiso para Borrar Kanban"
      }
   },
   {
      "model":"Usuario.permisos",
      "pk":56,
      "fields":{
         "nombre":"Cargar trabajo UserStory",
         "descripcion":"Permiso para Cargar trabajo en el User Story"
      }
   },
   {
      "model":"Usuario.permisos",
      "pk":57,
      "fields":{
         "nombre":"Solicitar Aprobacion",
         "descripcion":"Permiso para Solicitar Aprobacion de User Story"
      }
   },
   {
      "model":"Usuario.permisos",
      "pk":58,
      "fields":{
         "nombre":"Ver Solicitud",
         "descripcion":"Permiso para Ver Solicitud"
      }
   },
   {
      "model":"Usuario.permisos",
      "pk":59,
      "fields":{
         "nombre":"Aceptar Solicitud",
         "descripcion":"Permiso para Aceptar Solicitud"
      }
   },
   {
      "model":"Usuario.permisos",
      "pk":60,
      "fields":{
         "nombre":"Rechazar Solicitud",
         "descripcion":"Permiso para Rechazar Solicitud"
      }
   },
   {
      "model":"Usuario.permisos",
      "pk":61,
      "fields":{
         "nombre":"Ver Feriado",
         "descripcion":"Permiso para Ver Feriado"
      }
   },
   {
      "model":"Usuario.permisos",
      "pk":62,
      "fields":{
         "nombre":"Crear Feriado",
         "descripcion":"Permiso para Crear Feriado"
      }
   },
   {
      "model":"Usuario.permisos",
      "pk":63,
      "fields":{
         "nombre":"Editar Feriado",
         "descripcion":"Permiso para Editar Feriado"
      }
   },
   {
      "model":"Usuario.permisos",
      "pk":64,
      "fields":{
         "nombre":"Borrar Feriado",
         "descripcion":"Permiso para Borrar Feriado"
      }
   },
   {
      "model":"Usuario.permisos",
      "pk":65,
      "fields":{
         "nombre":"Permiso de administrador",
         "descripcion":"Permiso para administrador de sistema."
      }
   },
   {
      "model":"Usuario.rolsistema",
      "pk":1,
      "fields":{
         "nombre":"admin",
         "descripcion":"Administrador del sistema.",
         "permisos":[
            1,
            2,
            3,
            4,
            5,
            6,
            7,
            8,
            9,
            10,
            11,
            12,
            13,
            14,
            15,
            16,
            17,
            18,
            19,
            20,
            21,
            22,
            23,
            24,
            25,
            26,
            27,
            28,
            29,
            30,
            31,
            32,
            33,
            34,
            35,
            36,
            37,
            38,
            39,
            40,
            41,
            42,
            43,
            44,
            45,
            46,
            47,
            48,
            49,
            50,
            51,
            52,
            53,
            54,
            55,
            56,
            57,
            58,
            59,
            60,
            61,
            62,
            63,
            64,
            65
         ]
      }
   },
   {
      "model":"Usuario.rolsistema",
      "pk":2,
      "fields":{
         "nombre":"Usuario simple",
         "descripcion":"Rol para usuarios simples",
         "permisos":[

         ]
      }
   },
   {
      "model":"Usuario.rolsistema",
      "pk":3,
      "fields":{
         "nombre":"Usuario simple",
         "descripcion":"Rol para usuarios simples",
         "permisos":[

         ]
      }
   },
   {
      "model":"Usuario.rolproyecto",
      "pk":1,
      "fields":{
         "nombre":"Scrum Master",
         "descripcion":"Scrum Master del Proyecto.",
         "proyecto":1,
         "permisos":[
            11,
            12,
            13,
            14,
            19,
            20,
            21,
            23,
            25,
            27,
            28,
            29,
            30,
            31,
            33,
            34,
            35,
            36,
            37,
            38,
            39,
            40,
            41,
            42,
            44,
            45,
            46,
            47,
            48,
            49,
            50,
            51,
            52,
            58,
            59,
            60,
            61,
            62,
            63,
            64
         ]
      }
   },
   {
      "model":"Usuario.rolproyecto",
      "pk":2,
      "fields":{
         "nombre":"Developer",
         "descripcion":"Developer del Proyecto.",
         "proyecto":1,
         "permisos":[
            1,
            35,
            39,
            11,
            43,
            44,
            15,
            48,
            19,
            52,
            61,
            54,
            23,
            56,
            57,
            58,
            29
         ]
      }
   },
   {
      "model":"Usuario.usuario",
      "pk":1,
      "fields":{
         "last_login":"2022-12-16T02:37:21.320Z",
         "is_superuser":false,
         "nombre":"desconocido",
         "email":"nan.rod98@fpuna.edu.py",
         "groups":[

         ],
         "user_permissions":[

         ],
         "rolSistema":[
            1
         ],
         "rolProyecto":[
            1
         ]
      }
   },
   {
      "model":"Usuario.usuario",
      "pk":2,
      "fields":{
         "last_login":"2022-12-16T02:39:37.635Z",
         "is_superuser":false,
         "nombre":"desconocido",
         "email":"marcemolas@fpuna.edu.py",
         "groups":[

         ],
         "user_permissions":[

         ],
         "rolSistema":[
            2
         ],
         "rolProyecto":[
            2
         ]
      }
   },
   {
      "model":"Usuario.usuario",
      "pk":3,
      "fields":{
         "last_login":"2022-12-16T02:40:43.095Z",
         "is_superuser":false,
         "nombre":"desconocido",
         "email":"carinme97@fpuna.edu.py",
         "groups":[

         ],
         "user_permissions":[

         ],
         "rolSistema":[
            3
         ],
         "rolProyecto":[
            2
         ]
      }
   },
   {
      "model":"proyecto.equipo",
      "pk":1,
      "fields":{
         "nombre":"PagoFacil-1",
         "miembros":[
            1,
            2,
            3
         ]
      }
   },
   {
      "model":"proyecto.proyecto",
      "pk":1,
      "fields":{
         "nombre":"PagoFacil",
         "descripcion":"Proyecto para apps de pago fácil",
         "equipo":1,
         "fecha_inicio":"2022-12-06",
         "fecha_fin_estimada":"2022-12-31",
         "fecha_fin_real":null,
         "estado":"EN_PROCESO",
         "scrum_master":1
      }
   },
   {
      "model":"proyecto.sprint",
      "pk":1,
      "fields":{
         "numero":1,
         "descripcion":"Sprint 1 del proyecto",
         "proyecto":1,
         "fecha_inicio":"2022-12-01",
         "fecha_fin":null,
         "fecha_fin_estimada":"2022-12-16",
         "estado":"EN_PROCESO",
         "duracion":10,
         "capacidad_usada":31
      }
   },
   {
      "model":"proyecto.miembrossprint",
      "pk":1,
      "fields":{
         "sprint":1,
         "miembro":2,
         "carga_horaria":2,
         "capacidad":20
      }
   },
   {
      "model":"proyecto.miembrossprint",
      "pk":2,
      "fields":{
         "sprint":1,
         "miembro":3,
         "carga_horaria":2,
         "capacidad":20
      }
   },
   {
      "model":"proyecto.tipouserstory",
      "pk":1,
      "fields":{
         "nombre":"Frontend",
         "prefijo":"F",
         "proyecto":1
      }
   },
   {
      "model":"proyecto.tipouserstory",
      "pk":2,
      "fields":{
         "nombre":"Backend",
         "prefijo":"B",
         "proyecto":1
      }
   },
   {
      "model":"proyecto.ordenestado",
      "pk":1,
      "fields":{
         "orden":1
      }
   },
   {
      "model":"proyecto.ordenestado",
      "pk":2,
      "fields":{
         "orden":2
      }
   },
   {
      "model":"proyecto.ordenestado",
      "pk":3,
      "fields":{
         "orden":3
      }
   },
   {
      "model":"proyecto.ordenestado",
      "pk":4,
      "fields":{
         "orden":1
      }
   },
   {
      "model":"proyecto.ordenestado",
      "pk":5,
      "fields":{
         "orden":2
      }
   },
   {
      "model":"proyecto.ordenestado",
      "pk":6,
      "fields":{
         "orden":3
      }
   },
   {
      "model":"proyecto.estadous",
      "pk":1,
      "fields":{
         "nombre":"TO DO",
         "orden":1,
         "tipoUserStory":1
      }
   },
   {
      "model":"proyecto.estadous",
      "pk":2,
      "fields":{
         "nombre":"DOING",
         "orden":2,
         "tipoUserStory":1
      }
   },
   {
      "model":"proyecto.estadous",
      "pk":3,
      "fields":{
         "nombre":"DONE",
         "orden":3,
         "tipoUserStory":1
      }
   },
   {
      "model":"proyecto.estadous",
      "pk":4,
      "fields":{
         "nombre":"TO DO",
         "orden":4,
         "tipoUserStory":2
      }
   },
   {
      "model":"proyecto.estadous",
      "pk":5,
      "fields":{
         "nombre":"DOING",
         "orden":5,
         "tipoUserStory":2
      }
   },
   {
      "model":"proyecto.estadous",
      "pk":6,
      "fields":{
         "nombre":"DONE",
         "orden":6,
         "tipoUserStory":2
      }
   },
   {
      "model":"proyecto.userstory",
      "pk":1,
      "fields":{
         "numero":1,
         "aprobado_por_scrum_master":true,
         "proyecto":1,
         "sprint":1,
         "nombre":"Vista Pantalla Principal",
         "descripcion":"Generacion de la vista de la pantalla principal",
         "tipo":1,
         "estado":2,
         "prioridad":5,
         "prioridad_de_negocio":4,
         "prioridad_tecnica":6,
         "esfuerzo_anterior":0,
         "duracion":10,
         "desarrollador":2
      }
   },
   {
      "model":"proyecto.userstory",
      "pk":2,
      "fields":{
         "numero":2,
         "aprobado_por_scrum_master":false,
         "proyecto":1,
         "sprint":1,
         "nombre":"Vista Login",
         "descripcion":"Vista par el Login al sistema",
         "tipo":1,
         "estado":2,
         "prioridad":4,
         "prioridad_de_negocio":6,
         "prioridad_tecnica":1,
         "esfuerzo_anterior":0,
         "duracion":5,
         "desarrollador":2
      }
   },
   {
      "model":"proyecto.userstory",
      "pk":3,
      "fields":{
         "numero":3,
         "aprobado_por_scrum_master":true,
         "proyecto":1,
         "sprint":1,
         "nombre":"API Pago Ande",
         "descripcion":"Crear la API para pago de factura de la ANDE",
         "tipo":2,
         "estado":5,
         "prioridad":11,
         "prioridad_de_negocio":10,
         "prioridad_tecnica":10,
         "esfuerzo_anterior":0,
         "duracion":11,
         "desarrollador":3
      }
   },
   {
      "model":"proyecto.userstory",
      "pk":4,
      "fields":{
         "numero":4,
         "aprobado_por_scrum_master":true,
         "proyecto":1,
         "sprint":1,
         "nombre":"API pagos Essap",
         "descripcion":"Crear la API para pago de factura de la ESSAP",
         "tipo":2,
         "estado":5,
         "prioridad":3,
         "prioridad_de_negocio":2,
         "prioridad_tecnica":3,
         "esfuerzo_anterior":0,
         "duracion":5,
         "desarrollador":3
      }
   },
   {
      "model":"proyecto.historialus",
      "pk":1,
      "fields":{
         "user_story":1,
         "sprint":null,
         "log":"User Story creado.",
         "horas_trabajadas":0,
         "fecha":"2022-12-16",
         "usuario":1,
         "archivos":"0"
      }
   },
   {
      "model":"proyecto.historialus",
      "pk":2,
      "fields":{
         "user_story":2,
         "sprint":null,
         "log":"User Story creado.",
         "horas_trabajadas":0,
         "fecha":"2022-12-16",
         "usuario":1,
         "archivos":"0"
      }
   },
   {
      "model":"proyecto.historialus",
      "pk":3,
      "fields":{
         "user_story":3,
         "sprint":null,
         "log":"User Story creado.",
         "horas_trabajadas":0,
         "fecha":"2022-12-16",
         "usuario":1,
         "archivos":"0"
      }
   },
   {
      "model":"proyecto.historialus",
      "pk":4,
      "fields":{
         "user_story":4,
         "sprint":null,
         "log":"User Story creado.",
         "horas_trabajadas":0,
         "fecha":"2022-12-16",
         "usuario":1,
         "archivos":"0"
      }
   },
   {
      "model":"proyecto.historialus",
      "pk":5,
      "fields":{
         "user_story":3,
         "sprint":null,
         "log":"User Story asignado al Sprint 1",
         "horas_trabajadas":0,
         "fecha":"2022-12-16",
         "usuario":1,
         "archivos":"0"
      }
   },
   {
      "model":"proyecto.historialus",
      "pk":6,
      "fields":{
         "user_story":1,
         "sprint":null,
         "log":"User Story asignado al Sprint 1",
         "horas_trabajadas":0,
         "fecha":"2022-12-16",
         "usuario":1,
         "archivos":"0"
      }
   },
   {
      "model":"proyecto.historialus",
      "pk":7,
      "fields":{
         "user_story":2,
         "sprint":null,
         "log":"User Story asignado al Sprint 1",
         "horas_trabajadas":0,
         "fecha":"2022-12-16",
         "usuario":1,
         "archivos":"0"
      }
   },
   {
      "model":"proyecto.historialus",
      "pk":8,
      "fields":{
         "user_story":4,
         "sprint":null,
         "log":"User Story asignado al Sprint 1",
         "horas_trabajadas":0,
         "fecha":"2022-12-16",
         "usuario":1,
         "archivos":"0"
      }
   },
   {
      "model":"proyecto.historialus",
      "pk":9,
      "fields":{
         "user_story":3,
         "sprint":null,
         "log":"Sprint 1 iniciado.",
         "horas_trabajadas":0,
         "fecha":"2022-12-16",
         "usuario":1,
         "archivos":"0"
      }
   },
   {
      "model":"proyecto.historialus",
      "pk":10,
      "fields":{
         "user_story":1,
         "sprint":null,
         "log":"Sprint 1 iniciado.",
         "horas_trabajadas":0,
         "fecha":"2022-12-16",
         "usuario":1,
         "archivos":"0"
      }
   },
   {
      "model":"proyecto.historialus",
      "pk":11,
      "fields":{
         "user_story":2,
         "sprint":null,
         "log":"Sprint 1 iniciado.",
         "horas_trabajadas":0,
         "fecha":"2022-12-16",
         "usuario":1,
         "archivos":"0"
      }
   },
   {
      "model":"proyecto.historialus",
      "pk":12,
      "fields":{
         "user_story":4,
         "sprint":null,
         "log":"Sprint 1 iniciado.",
         "horas_trabajadas":0,
         "fecha":"2022-12-16",
         "usuario":1,
         "archivos":"0"
      }
   },
   {
      "model":"proyecto.historialus",
      "pk":13,
      "fields":{
         "user_story":1,
         "sprint":null,
         "log":"marcemolas@fpuna.edu.py se encargara de desarrollar este US.",
         "horas_trabajadas":0,
         "fecha":"2022-12-16",
         "usuario":1,
         "archivos":"0"
      }
   },
   {
      "model":"proyecto.historialus",
      "pk":14,
      "fields":{
         "user_story":2,
         "sprint":null,
         "log":"marcemolas@fpuna.edu.py se encargara de desarrollar este US.",
         "horas_trabajadas":0,
         "fecha":"2022-12-16",
         "usuario":1,
         "archivos":"0"
      }
   },
   {
      "model":"proyecto.historialus",
      "pk":15,
      "fields":{
         "user_story":3,
         "sprint":null,
         "log":"carinme97@fpuna.edu.py se encargara de desarrollar este US.",
         "horas_trabajadas":0,
         "fecha":"2022-12-16",
         "usuario":1,
         "archivos":"0"
      }
   },
   {
      "model":"proyecto.historialus",
      "pk":16,
      "fields":{
         "user_story":4,
         "sprint":null,
         "log":"carinme97@fpuna.edu.py se encargara de desarrollar este US.",
         "horas_trabajadas":0,
         "fecha":"2022-12-16",
         "usuario":1,
         "archivos":"0"
      }
   },
   {
      "model":"proyecto.historialus",
      "pk":17,
      "fields":{
         "user_story":3,
         "sprint":1,
         "log":"Realizado el método GET",
         "horas_trabajadas":1,
         "fecha":"2022-12-02",
         "usuario":3,
         "archivos":"historial/Captura_desde_2022-10-16_17-16-47_ZDuQEGU_2_YYTME1j_HEsn8ww.png"
      }
   },
   {
      "model":"proyecto.historialus",
      "pk":18,
      "fields":{
         "user_story":1,
         "sprint":1,
         "log":"HTML listo",
         "horas_trabajadas":2,
         "fecha":"2022-12-02",
         "usuario":2,
         "archivos":"historial/Captura_desde_2022-10-16_17-16-47_ZDuQEGU_4_N8cjS97.png"
      }
   },
   {
      "model":"proyecto.historialus",
      "pk":20,
      "fields":{
         "user_story":1,
         "sprint":1,
         "log":"Elegi la fuente del texto",
         "horas_trabajadas":1,
         "fecha":"2022-12-05",
         "usuario":2,
         "archivos":"historial/Captura_desde_2022-10-16_17-16-47_zbBJowo.png"
      }
   },
   {
      "model":"proyecto.historialus",
      "pk":21,
      "fields":{
         "user_story":1,
         "sprint":1,
         "log":"elegi el color del fondo",
         "horas_trabajadas":2,
         "fecha":"2022-12-05",
         "usuario":2,
         "archivos":"historial/Captura_desde_2022-10-16_17-16-47_ZDuQEGU_2_oaceTi0_7QzUh3U.png"
      }
   },
   {
      "model":"proyecto.historialus",
      "pk":22,
      "fields":{
         "user_story":2,
         "sprint":1,
         "log":"Seleccionado el boton a usar",
         "horas_trabajadas":1,
         "fecha":"2022-12-06",
         "usuario":2,
         "archivos":"historial/README_b0z6jch.md"
      }
   },
   {
      "model":"proyecto.historialus",
      "pk":23,
      "fields":{
         "user_story":2,
         "sprint":1,
         "log":"Ajuste de la posicion del boton",
         "horas_trabajadas":1,
         "fecha":"2022-12-07",
         "usuario":2,
         "archivos":"historial/index_4Uv8nvn.html"
      }
   },
   {
      "model":"proyecto.historialus",
      "pk":24,
      "fields":{
         "user_story":2,
         "sprint":1,
         "log":"Se cambio el color de azul a negro",
         "horas_trabajadas":1,
         "fecha":"2022-12-07",
         "usuario":2,
         "archivos":"historial/index_Pz7zKAH.html"
      }
   },
   {
      "model":"proyecto.historialus",
      "pk":25,
      "fields":{
         "user_story":3,
         "sprint":1,
         "log":"Realizado el metodo PUT",
         "horas_trabajadas":2,
         "fecha":"2022-12-07",
         "usuario":3,
         "archivos":"historial/Captura_desde_2022-10-16_17-16-47_ZDuQEGU_2_aqIS2T7.png"
      }
   },
   {
      "model":"proyecto.historialus",
      "pk":26,
      "fields":{
         "user_story":3,
         "sprint":1,
         "log":"Realizado el metodo POST",
         "horas_trabajadas":2,
         "fecha":"2022-12-09",
         "usuario":3,
         "archivos":"historial/Captura_desde_2022-10-16_17-16-47_ehFmgRs_fQu2syJ.png"
      }
   },
   {
      "model":"proyecto.historialus",
      "pk":27,
      "fields":{
         "user_story":3,
         "sprint":1,
         "log":"Realizado el metodo DELETE",
         "horas_trabajadas":2,
         "fecha":"2022-12-12",
         "usuario":3,
         "archivos":"historial/Captura_desde_2022-10-16_17-16-47_ZDuQEGU_1_nVvodJe.png"
      }
   },
   {
      "model":"proyecto.historialus",
      "pk":28,
      "fields":{
         "user_story":4,
         "sprint":1,
         "log":"Realizado el metodo GET",
         "horas_trabajadas":2,
         "fecha":"2022-12-13",
         "usuario":3,
         "archivos":"historial/Captura_desde_2022-10-16_17-16-47_ZDuQEGU_2_NCkIVB8_AUGvNc0.png"
      }
   },
   {
      "model":"proyecto.historialus",
      "pk":29,
      "fields":{
         "user_story":4,
         "sprint":1,
         "log":"Realizado el metodo POST",
         "horas_trabajadas":2,
         "fecha":"2022-12-14",
         "usuario":3,
         "archivos":"historial/Captura_desde_2022-10-16_17-16-47_pDhPyMA.png"
      }
   },
   {
      "model":"proyecto.historialus",
      "pk":30,
      "fields":{
         "user_story":4,
         "sprint":1,
         "log":"Realizado el metodo PUT",
         "horas_trabajadas":2,
         "fecha":"2022-12-15",
         "usuario":3,
         "archivos":"historial/Captura_desde_2022-10-16_17-16-47_ZDuQEGU_2_1UH0pMG.png"
      }
   },
   {
      "model":"proyecto.historialus",
      "pk":31,
      "fields":{
         "user_story":4,
         "sprint":1,
         "log":"Realizado el metodo DELETE",
         "horas_trabajadas":2,
         "fecha":"2022-12-16",
         "usuario":3,
         "archivos":"historial/Captura_desde_2022-10-16_17-16-47_pFUE9ui.png"
      }
   },
   {
      "model":"proyecto.historialus",
      "pk":32,
      "fields":{
         "user_story":3,
         "sprint":null,
         "log":"Se solicitó la aprobación del US para terminarlo",
         "horas_trabajadas":0,
         "fecha":"2022-12-16",
         "usuario":3,
         "archivos":"0"
      }
   },
   {
      "model":"proyecto.historialus",
      "pk":33,
      "fields":{
         "user_story":4,
         "sprint":null,
         "log":"Se solicitó la aprobación del US para terminarlo",
         "horas_trabajadas":0,
         "fecha":"2022-12-16",
         "usuario":3,
         "archivos":"0"
      }
   },
   {
      "model":"proyecto.historialus",
      "pk":34,
      "fields":{
         "user_story":1,
         "sprint":null,
         "log":"Se solicitó la aprobación del US para terminarlo",
         "horas_trabajadas":0,
         "fecha":"2022-12-16",
         "usuario":2,
         "archivos":"0"
      }
   },
   {
      "model":"proyecto.historialus",
      "pk":35,
      "fields":{
         "user_story":2,
         "sprint":null,
         "log":"Se solicitó la aprobación del US para terminarlo",
         "horas_trabajadas":0,
         "fecha":"2022-12-16",
         "usuario":2,
         "archivos":"0"
      }
   },
   {
      "model":"proyecto.historialus",
      "pk":36,
      "fields":{
         "user_story":1,
         "sprint":null,
         "log":"US aprobado por Scrum Master",
         "horas_trabajadas":0,
         "fecha":"2022-12-16",
         "usuario":1,
         "archivos":"0"
      }
   },
   {
      "model":"proyecto.historialus",
      "pk":37,
      "fields":{
         "user_story":3,
         "sprint":null,
         "log":"US aprobado por Scrum Master",
         "horas_trabajadas":0,
         "fecha":"2022-12-16",
         "usuario":1,
         "archivos":"0"
      }
   },
   {
      "model":"proyecto.historialus",
      "pk":38,
      "fields":{
         "user_story":4,
         "sprint":null,
         "log":"US aprobado por Scrum Master",
         "horas_trabajadas":0,
         "fecha":"2022-12-16",
         "usuario":1,
         "archivos":"0"
      }
   },
   {
      "model":"proyecto.aprobaciondeus",
      "pk":1,
      "fields":{
         "numero":1,
         "user_story":3,
         "descripcion_del_trabajo":"Aprobacion para el US F3",
         "fecha":"2022-12-16",
         "solicitado_por":3,
         "archivos":"historial/index_f5S9w2w.html",
         "aprobado_por":null,
         "estado":"ACEPTADO",
         "razon_de_rechazo":null
      }
   },
   {
      "model":"proyecto.aprobaciondeus",
      "pk":2,
      "fields":{
         "numero":2,
         "user_story":4,
         "descripcion_del_trabajo":"Solicitud de aprobacion para US F4",
         "fecha":"2022-12-16",
         "solicitado_por":3,
         "archivos":"historial/index_PzFfQ5A.html",
         "aprobado_por":null,
         "estado":"ACEPTADO",
         "razon_de_rechazo":null
      }
   },
   {
      "model":"proyecto.aprobaciondeus",
      "pk":3,
      "fields":{
         "numero":3,
         "user_story":1,
         "descripcion_del_trabajo":"Solicitud de aprobacion para US B1",
         "fecha":"2022-12-16",
         "solicitado_por":2,
         "archivos":"historial/index_zsclO20.html",
         "aprobado_por":null,
         "estado":"ACEPTADO",
         "razon_de_rechazo":null
      }
   },
   {
      "model":"proyecto.aprobaciondeus",
      "pk":4,
      "fields":{
         "numero":4,
         "user_story":2,
         "descripcion_del_trabajo":"Solicitud de aprobacion para US B2",
         "fecha":"2022-12-16",
         "solicitado_por":2,
         "archivos":"historial/index_P1HR5ZA.html",
         "aprobado_por":null,
         "estado":"EN_ESPERA",
         "razon_de_rechazo":null
      }
   },
   {
      "model":"proyecto.feriado",
      "pk":1,
      "fields":{
         "nombre":"Dia de la virgen de Caacupe",
         "fecha":"2022-12-08",
         "proyecto":1
      }
   },
   {
      "model":"notificaciones.notificacion",
      "pk":1,
      "fields":{
         "leido":false,
         "mensaje":"Fuiste seleccionado para ser Scrum Master del Proyecto 'PagoFacil' !",
         "timestamp":"2022-12-16T02:45:01.568Z",
         "usuario":1,
         "url":"/proyecto/1"
      }
   },
   {
      "model":"notificaciones.notificacion",
      "pk":2,
      "fields":{
         "leido":false,
         "mensaje":"Fuiste seleccionado para ser parte del Proyecto 'PagoFacil'",
         "timestamp":"2022-12-16T02:45:48.161Z",
         "usuario":2,
         "url":"/proyecto/1"
      }
   },
   {
      "model":"notificaciones.notificacion",
      "pk":3,
      "fields":{
         "leido":false,
         "mensaje":"Fuiste seleccionado para ser parte del Proyecto 'PagoFacil'",
         "timestamp":"2022-12-16T02:45:48.173Z",
         "usuario":3,
         "url":"/proyecto/1"
      }
   },
   {
      "model":"notificaciones.notificacion",
      "pk":4,
      "fields":{
         "leido":false,
         "mensaje":"Fuiste agregado al sprint Nº1 con una carga horaria de 8h",
         "timestamp":"2022-12-16T03:19:55.565Z",
         "usuario":2,
         "url":"/proyecto/1/sprint/1"
      }
   },
   {
      "model":"notificaciones.notificacion",
      "pk":5,
      "fields":{
         "leido":false,
         "mensaje":"Fuiste agregado al sprint Nº1 con una carga horaria de 2h",
         "timestamp":"2022-12-16T03:20:16.432Z",
         "usuario":2,
         "url":"/proyecto/1/sprint/1"
      }
   },
   {
      "model":"notificaciones.notificacion",
      "pk":6,
      "fields":{
         "leido":false,
         "mensaje":"Fuiste agregado al sprint Nº1 con una carga horaria de 2h",
         "timestamp":"2022-12-16T03:20:23.336Z",
         "usuario":3,
         "url":"/proyecto/1/sprint/1"
      }
   },
   {
      "model":"notificaciones.notificacion",
      "pk":7,
      "fields":{
         "leido":false,
         "mensaje":"Se te asignó el User Story F - US1 - Vista Pantalla Principal",
         "timestamp":"2022-12-16T03:22:21.001Z",
         "usuario":2,
         "url":"/proyecto/1/backlog/US/1/"
      }
   },
   {
      "model":"notificaciones.notificacion",
      "pk":8,
      "fields":{
         "leido":false,
         "mensaje":"Se te asignó el User Story F - US2 - Vista Login",
         "timestamp":"2022-12-16T03:22:29.182Z",
         "usuario":2,
         "url":"/proyecto/1/backlog/US/2/"
      }
   },
   {
      "model":"notificaciones.notificacion",
      "pk":9,
      "fields":{
         "leido":false,
         "mensaje":"Se te asignó el User Story B - US3 - API Pago Ande",
         "timestamp":"2022-12-16T03:22:36.710Z",
         "usuario":3,
         "url":"/proyecto/1/backlog/US/3/"
      }
   },
   {
      "model":"notificaciones.notificacion",
      "pk":10,
      "fields":{
         "leido":false,
         "mensaje":"Se te asignó el User Story B - US3 - API pagos Essap",
         "timestamp":"2022-12-16T03:22:50.187Z",
         "usuario":3,
         "url":"/proyecto/1/backlog/US/4/"
      }
   },
   {
      "model":"notificaciones.notificacion",
      "pk":11,
      "fields":{
         "leido":false,
         "mensaje":"Tienes solicitudes de aprobacion pendientes!",
         "timestamp":"2022-12-16T14:26:12.975Z",
         "usuario":1,
         "url":"/proyecto/1/solicitudes/"
      }
   },
   {
      "model":"notificaciones.notificacion",
      "pk":12,
      "fields":{
         "leido":false,
         "mensaje":"Tienes solicitudes de aprobacion pendientes!",
         "timestamp":"2022-12-16T14:26:59.359Z",
         "usuario":1,
         "url":"/proyecto/1/solicitudes/"
      }
   },
   {
      "model":"notificaciones.notificacion",
      "pk":13,
      "fields":{
         "leido":false,
         "mensaje":"Tienes solicitudes de aprobacion pendientes!",
         "timestamp":"2022-12-16T14:27:49.499Z",
         "usuario":1,
         "url":"/proyecto/1/solicitudes/"
      }
   },
   {
      "model":"notificaciones.notificacion",
      "pk":14,
      "fields":{
         "leido":false,
         "mensaje":"Tienes solicitudes de aprobacion pendientes!",
         "timestamp":"2022-12-16T14:28:11.902Z",
         "usuario":1,
         "url":"/proyecto/1/solicitudes/"
      }
   },
   {
      "model":"notificaciones.notificacion",
      "pk":15,
      "fields":{
         "leido":false,
         "mensaje":"Solicitud de aprobación para el US 'Vista Pantalla Principal' fue aceptada! Puede poner el US en la columna DONE",
         "timestamp":"2022-12-16T14:30:54.844Z",
         "usuario":2,
         "url":"/proyecto/1/"
      }
   },
   {
      "model":"notificaciones.notificacion",
      "pk":16,
      "fields":{
         "leido":false,
         "mensaje":"Solicitud de aprobación para el US 'API Pago Ande' fue aceptada! Puede poner el US en la columna DONE",
         "timestamp":"2022-12-16T14:30:56.801Z",
         "usuario":3,
         "url":"/proyecto/1/"
      }
   },
   {
      "model":"notificaciones.notificacion",
      "pk":17,
      "fields":{
         "leido":false,
         "mensaje":"Solicitud de aprobación para el US 'API pagos Essap' fue aceptada! Puede poner el US en la columna DONE",
         "timestamp":"2022-12-16T14:30:58.682Z",
         "usuario":3,
         "url":"/proyecto/1/"
      }
   },
   {
      "model":"sites.site",
      "pk":1,
      "fields":{
         "domain":"127.0.0.1:8000",
         "name":"127.0.0.1:8000"
      }
   },
   {
      "model":"account.emailaddress",
      "pk":1,
      "fields":{
         "user":1,
         "email":"nan.rod98@fpuna.edu.py",
         "verified":true,
         "primary":true
      }
   },
   {
      "model":"account.emailaddress",
      "pk":2,
      "fields":{
         "user":2,
         "email":"marcemolas@fpuna.edu.py",
         "verified":true,
         "primary":true
      }
   },
   {
      "model":"account.emailaddress",
      "pk":3,
      "fields":{
         "user":3,
         "email":"carinme97@fpuna.edu.py",
         "verified":true,
         "primary":true
      }
   },
   {
      "model":"socialaccount.socialapp",
      "pk":1,
      "fields":{
         "provider":"google",
         "name":"Google",
         "client_id":"242966506793-k6sheufi3jmm593app1vki34fq2oppis.apps.googleusercontent.com",
         "secret":"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",
         "key":"",
         "sites":[
            1
         ]
      }
   },
   {
      "model":"socialaccount.socialaccount",
      "pk":1,
      "fields":{
         "user":1,
         "provider":"google",
         "uid":"112410875675995736132",
         "last_login":"2022-12-16T02:37:21.307Z",
         "date_joined":"2022-12-16T02:37:17.481Z",
         "extra_data":"{\"id\": \"112410875675995736132\", \"email\": \"nan.rod98@fpuna.edu.py\", \"verified_email\": true, \"name\": \"Nando Antonio Rodriguez Orihuela\", \"given_name\": \"Nando Antonio\", \"family_name\": \"Rodriguez Orihuela\", \"picture\": \"https://lh3.googleusercontent.com/a/AEdFTp610iJjwvXp3vHdwVvXkcDEEJ_MI9L5X332aYqk=s96-c\", \"locale\": \"es\", \"hd\": \"fpuna.edu.py\"}"
      }
   },
   {
      "model":"socialaccount.socialaccount",
      "pk":2,
      "fields":{
         "user":2,
         "provider":"google",
         "uid":"101696548337894312295",
         "last_login":"2022-12-16T02:39:37.625Z",
         "date_joined":"2022-12-16T02:39:29.976Z",
         "extra_data":"{\"id\": \"101696548337894312295\", \"email\": \"marcemolas@fpuna.edu.py\", \"verified_email\": true, \"name\": \"Hugo Marcelo Molas Cespedes\", \"given_name\": \"Hugo Marcelo\", \"family_name\": \"Molas Cespedes\", \"picture\": \"https://lh3.googleusercontent.com/a/AEdFTp5zes0n10JRfY48MzhUrgPOkEUdEXaiQhX_F8Wx=s96-c\", \"locale\": \"es\", \"hd\": \"fpuna.edu.py\"}"
      }
   },
   {
      "model":"socialaccount.socialaccount",
      "pk":3,
      "fields":{
         "user":3,
         "provider":"google",
         "uid":"107871902563944974939",
         "last_login":"2022-12-16T02:40:43.082Z",
         "date_joined":"2022-12-16T02:40:36.526Z",
         "extra_data":"{\"id\": \"107871902563944974939\", \"email\": \"carinme97@fpuna.edu.py\", \"verified_email\": true, \"name\": \"Carin Lucia Martinez Espinola\", \"given_name\": \"Carin Lucia\", \"family_name\": \"Martinez Espinola\", \"picture\": \"https://lh3.googleusercontent.com/a/AEdFTp7Csix3HSxAjq5rtCF50QHKv1_aV8CKjzDXU-Lz=s96-c\", \"locale\": \"es\", \"hd\": \"fpuna.edu.py\"}"
      }
   }
]